video_name,person_id
5epnKnBWP4Y.mp4,0
elPm3JWd7jg.mp4,0
zpKzb1SBN3Y.mp4,0
iMJ9CjBX7eo.mp4,0
d2gB2dwOh8Y.mp4,0
4_od0W20hL0.mp4,0
5dVs413UwiQ.mp4,0
kdQ2a7hZXlo.mp4,0
Ca-QuAhymDI.mp4,0
fxWUS2_M1zI.mp4,0
iveNZzCRtR0.mp4,0
1Dtihc3VSiQ.mp4,0
iWkiOB3Q7M0.mp4,0
hzpuXBlOJjk.mp4,0
evNnts-GPb0.mp4,0
20L1KcP9Zeo.mp4,0
ey3i9jNcat4.mp4,0
EXwxV-YwzWw.mp4,0
hbgDIstz44Q.mp4,0
jPzZuaEj0Zc.mp4,0
e1ufQQzu6Xw.mp4,0
9pk8Y3m6qfs.mp4,0
hVwaGil0cvg.mp4,0
4Fe7_ieumkE.mp4,0
gdVQKVcjBO8.mp4,0
8kr8G6TzCbM.mp4,0
yCTSy-JKKm4.mp4,9
h8dOib-Zgic.mp4,0
Ey2ffSyjjpk.mp4,0
31sHy2-FC70.mp4,0
9zbdyl9LPlY.mp4,0
CNvItMnGsqQ.mp4,0
3zRUoFOUi4Q.mp4,1
cNn_N22whAU.mp4,0
Fkqc2gKSn3s.mp4,0
0bodeyCThJM.mp4,0
Cf6muMegzQw.mp4,0
gYWFkLcrzwY.mp4,0
3v8sZtJUTFw.mp4,0
ggouMQubrPo.mp4,0
Ac89P5vslQ8.mp4,0
2ITtrEoHXt0.mp4,0
znwRZXn3jc0.mp4,0
0P-4kPS3cls.mp4,0
B0jTPtxw3WA.mp4,0
9Oj4WYiljqs.mp4,0
g6RtHuHe2IU.mp4,0
fdupGWt4C7o.mp4,0
ftjAL7MnqsE.mp4,0
ec-FdAxr7t0.mp4,0
Fp-uzRiUjYA.mp4,0
4vufI1X8Tfo.mp4,0
j5tAIxbfD5I.mp4,0
gABu4hLdIPI.mp4,0
6DuQPRnG0Ww.mp4,0
e3wWhZEhB5w.mp4,0
DapcWzQ9jws.mp4,0
64lav2iA5-c.mp4,0
BKGjbJzV0Yg.mp4,0
BXjgMNlzXts.mp4,0
DHNrMfrmQLo.mp4,0
Asw-hzCFpsk.mp4,2
9WDtyHX4aE0.mp4,2
8HGLcWPqHLw.mp4,0
6W1P4Y3rgiA.mp4,0
t8AD-WroGuA.mp4,0
0xmSyGtz2Rc.mp4,0
F9rUYLtX4UI.mp4,0
8y3qgSwNDEg.mp4,0
9HApTTCD_ZA.mp4,0
fnmPmrAhsHE.mp4,0
A7FKk2B10T8.mp4,0
5wNTldGmvJg.mp4,0
gJeM5T7uW_k.mp4,0
5zKKtPxCeeA.mp4,0
20nY5jgoY8w.mp4,0
AdtXXwufcbM.mp4,0
0KcUZlotmlo.mp4,0
i5WYcqIz5J0.mp4,0
3hLpzO5JBFo.mp4,0
y3rmBWJoJg4.mp4,0
0sJIlX1BvBc.mp4,0
j2iRHiIYtTg.mp4,0
1JkgunkIw0A.mp4,0
elyTFSImpJU.mp4,0
DOJ2vhDD7Gg.mp4,0
BsWxZJZgSu0.mp4,0
3AECbbprur0.mp4,0
0AQHLPt8NDk.mp4,0
1cT9kp1pI8A.mp4,0
9x7l1wRg6sg.mp4,0
gCBgwogxD90.mp4,0
fTpH5m4OTw4.mp4,0
7CyI8OaIPEg.mp4,0
0OTrKoliOTc.mp4,0
6nPVUAoFAVc.mp4,0
tUnOjApclYI.mp4,0
Ai6E8ArWukM.mp4,0
14diAi-BS40.mp4,0
6nijXFM2g0k.mp4,0
8f-viutNi5s.mp4,0
1d7meFB92Z0.mp4,0
6IlzyR80mU4.mp4,0
Bd2YIcGbbJg.mp4,0
0fsBkodUEk0.mp4,0
Eh3k6oJrFgY.mp4,0
Dfbzc57HfuE.mp4,0
zTt2umLBlnI.mp4,0
f9IWQ5RfWOE.mp4,0
3xGoX0gMhnU.mp4,0
DbgouR8P_sc.mp4,1
cOLbmvM8BX0.mp4,0
63hltb-VK6Y.mp4,0
5s6cdVbujI8.mp4,0
zfmkSZqbytg.mp4,0
9FlJ6A2VtHE.mp4,0
cfpYnacUBGY.mp4,0
6xIMOHq41ZE.mp4,0
dyncF1VNi7E.mp4,0
EmHZnx5ubqM.mp4,0
2vItFX_gYQE.mp4,0
0Le-U7KC0Vo.mp4,0
3DigAUAvEM0.mp4,0
5aoBAHGx5Lg.mp4,0
xyDLVLUE3E8.mp4,0
4ZWZaCaywiE.mp4,0
AKnhk5o_gB8.mp4,0
07BevXg9ISg.mp4,0
jEMv5qYrQQU.mp4,0
FrcyJM5zrwY.mp4,0
6O6O2eXf22o.mp4,0
6QuKxaUXUnY.mp4,0
6rMNK9JX0nc.mp4,0
0HzztPiFelY.mp4,0
3JVhctLBUpI.mp4,0
9oAD9JRPPIQ.mp4,0
eTNLGLPk8GE.mp4,0
e0bxKJXsUyw.mp4,0
FVGiejB_3NY.mp4,0
heiiaUwtoyE.mp4,0
4tz_Fs1UaEw.mp4,0
zViz5q_jppE.mp4,0
yuw1gcJuWUI.mp4,0
i7Bba2aL968.mp4,0
AsrselCGBNw.mp4,0
gKMNtUuHhMQ.mp4,0
EVSHpKviFyM.mp4,0
1U-rv8VSGpE.mp4,0
fKp-LcL_C0g.mp4,0
3-cl4u7Cy3w.mp4,0
5dttR4Yq-2k.mp4,0
2eaeeo4GmMI.mp4,0
dlz_0MViUkM.mp4,0
8n6wq6QS9Js.mp4,0
5V9VcrKqap0.mp4,0
4AsiL4C8l_E.mp4,0
7yYu5s4k8Ig.mp4,0
BZCKDSs6_yU.mp4,0
3JxIU16AK4E.mp4,0
8vEmhQFW_HM.mp4,0
eomix44nL8Y.mp4,0
3_D804hV73c.mp4,0
EOBVORO9PqI.mp4,0
edY8MnMxLvQ.mp4,0
DBWeTHcejYc.mp4,0
5f4Cmp-B-6E.mp4,0
hvsIMRUhF3g.mp4,0
hOj4HdPqnaI.mp4,0
hxsYFv1gu2k.mp4,0
2FvaJMgoK6Q.mp4,0
1SfQim8avcU.mp4,0
fDa44HdK5Jk.mp4,0
3JGY9iG_hwA.mp4,4
E7ky6rxSf9g.mp4,0
d65LN13bioQ.mp4,0
hDwx7q8PybM.mp4,0
Ct-0LgiwtBs.mp4,0
F10nhpbwFio.mp4,0
dZQp7OeNINo.mp4,0
FaELOA6h-ec.mp4,0
hJ3j-qvoXU0.mp4,0
2qmUi3dQ2Jg.mp4,0
zxTnvkq7UY0.mp4,0
h9cr6AMsZ1A.mp4,0
cL6eUVAj-w0.mp4,0
EDlQOtl4fW8.mp4,0
CtzHLhxMNEg.mp4,0
fdYayrt6iCA.mp4,0
1woNMYcqmd4.mp4,0
DiuUsIp_HwQ.mp4,0
5dtlhQwq0TE.mp4,0
EslZp7UiTck.mp4,0
3ny1DoUAOTs.mp4,0
dgj2EdrYj8Y.mp4,0
G2tzMT1j0gI.mp4,0
eWlDjpFLYqU.mp4,0
cNdBf5OrQaE.mp4,0
gf4kOt6TAnY.mp4,2
3TEQLFpSk2I.mp4,0
49Hrw3x7hNc.mp4,0
EneN23qhjfM.mp4,0
ca4QRwcn6Bg.mp4,0
zSka935oFBs.mp4,0
yJ3RLMCaL6E.mp4,0
coGgJgh_WM8.mp4,0
4EvCg5TAe2g.mp4,0
1XGGYA2sAGU.mp4,0
g_Gny24zEVw.mp4,0
AgraECvNR1A.mp4,0
8Uba2tgT1nA.mp4,0
f75G_hZMSHs.mp4,0
7JF1onKatVI.mp4,0
zStwKOvIhPA.mp4,0
2-0BoNb-3DE.mp4,0
CihteHtAA3U.mp4,0
daJKdQj-fIo.mp4,0
cux9_CWO_t0.mp4,0
4b-evcJm2JQ.mp4,0
xwbNd7G0HlA.mp4,0
FqVslwH0lNU.mp4,0
g0_rpTr4a04.mp4,0
5F8L1mWySQY.mp4,0
B9F8-rb0IdU.mp4,0
dBKY0y6Zypk.mp4,0
ElqX77ZzdmE.mp4,0
5cjkZmWlhKE.mp4,0
ixq65EiuJ_c.mp4,0
EKX7-U56t84.mp4,0
2AENol2KoQ0.mp4,0
hi8RtGrEnQk.mp4,2
j8N8RXxJYTk.mp4,0
9g8SlQm5DH0.mp4,0
5eWlGWCPPKE.mp4,0
ddiHrN-4k3o.mp4,0
Fna4TLb-O3c.mp4,0
7dlRChv8Cqk.mp4,0
hxzR3y9beks.mp4,0
FwY1qhD29Ic.mp4,0
hHxhQ-5ms18.mp4,0
gALXtpV4IY8.mp4,0
CvlyhtXd9e8.mp4,0
5srsUxY6Bts.mp4,0
Bz95GFOr1jQ.mp4,0
iKEJlREMx7w.mp4,0
6TdGf8t-jCw.mp4,0
h4vwEwviJhE.mp4,0
hL_kvMHjvag.mp4,0
BZRSf9WgPyQ.mp4,0
eK0qbGyQ-eA.mp4,0
yLgXgyi08fk.mp4,0
8NRDuefNAB8.mp4,0
EHwZDbs8rHI.mp4,0
4nzkodp42-8.mp4,0
2tI4C08oPf4.mp4,0
C8w5YwWTnHs.mp4,0
3pKwGJ55kYM.mp4,0
2s0E4Xc_Vc0.mp4,0
cunzvS3XRX4.mp4,0
4d5o3B6wRP0.mp4,0
yUdckPR86JI.mp4,0
2HCnifZR1pw.mp4,0
1FyCb58JHDI.mp4,0
iFm0D933usQ.mp4,0
dP56fO6l8ps.mp4,0
9Q2I3rdlDGI.mp4,0
BJzvPCzkZ3Q.mp4,0
cfrSyaoWMl0.mp4,0
yoEv7zoAZsc.mp4,0
5a0AL7L3Kuo.mp4,0
yH_kzYMc0dE.mp4,0
d-0NivWQG98.mp4,0
y0_Id80EZ2Y.mp4,0
1nFdgokPwBw.mp4,0
qrR_VwMIsnU.mp4,0
fk1C9sC3uuw.mp4,0
fCCl-5JPqys.mp4,0
e9o20Wskpvw.mp4,0
97nb1fj6ufo.mp4,0
3EFLTeLMx_o.mp4,0
iinVA9KHGpg.mp4,0
5J_GL5oN1hg.mp4,0
zvwULEttdRM.mp4,0
1FbKP8vZvdM.mp4,0
DCy7yjXqaAM.mp4,0
cRaiN8hvjhQ.mp4,0
D1cfuXI7M4g.mp4,0
9GhUO_jopI0.mp4,0
9l2Mv5Nc4AU.mp4,0
24fz_9v18Us.mp4,3
B6EREFQ9ElE.mp4,0
6Ozd2ctTIfk.mp4,0
2msG66_yfBw.mp4,0
dMKmndhoBNA.mp4,0
Fb-fHA2ykDA.mp4,0
4yQ5fvm_5IU.mp4,0
gL9n_OOU4jA.mp4,0
1yTbNONofs8.mp4,0
FbZrrTY0h2k.mp4,0
ydkoHwZPGzg.mp4,0
gNraObUk2g4.mp4,0
9kgmcWThQDk.mp4,0
esEqayOO1DA.mp4,0
A7MPMeiOVcc.mp4,0
8dOyIkn1PAY.mp4,0
yYYYXAAbH7A.mp4,0
16AKloM5AiA.mp4,0
hVoU7P_QdUQ.mp4,0
ic9LAfKoFTA.mp4,0
1-UWD5mgnAw.mp4,0
crfw6Flgwfo.mp4,3
6y8pAvRbl1s.mp4,0
00ADU7t7IWI.mp4,0
e3TvpSRr6G4.mp4,0
4i0Y_mFJejI.mp4,0
5iRIeHAK9b0.mp4,0
zl5Q-PahKrQ.mp4,0
7UgIx_7-oyA.mp4,0
Fu-9Q10jucQ.mp4,0
8jjWexiKjCQ.mp4,0
AWO6g60KgQU.mp4,0
h9Tc85rSUVU.mp4,0
3zBcV4VQ2lg.mp4,0
E2NO47RYFe0.mp4,0
dJsztl1VYrI.mp4,0
cfZjpzmMYLU.mp4,0
5DolK2hufSM.mp4,0
7-uJbyWnwfU.mp4,0
7BgQM7l2ZY0.mp4,0
1opYrIh0eGc.mp4,0
6NFafGuO4wI.mp4,0
FV4HBtRL89c.mp4,0
gwo0dhvT1yA.mp4,0
BU464Hto_J0.mp4,0
gPs26StOEPE.mp4,0
csrcOUZevJU.mp4,0
3CZ2aZBU_c0.mp4,2
ia1iCQCygpE.mp4,0
6vrfEopSMeo.mp4,0
1fppkGIDsDo.mp4,0
A33z5b18iew.mp4,0
zsHK8wYjQ9E.mp4,0
z3jAMn3xpoM.mp4,0
evvA531rreo.mp4,0
ildCQTeV-3U.mp4,0
75WjJDQ6HEA.mp4,0
yic6BZiXqCk.mp4,0
zqBzsQQSzxU.mp4,0
dOBaV-PhD-s.mp4,0
CYRahtYNa0Q.mp4,0
4ckqY82422o.mp4,0
95SU1Kci698.mp4,0
6y4R_EYLT4A.mp4,0
BZN0y7Ejwj8.mp4,0
1hzMhZSt64k.mp4,0
FYdKjJCcQcw.mp4,0
fMri0uE3i-w.mp4,0
g6dL_64oZ3Y.mp4,2
i96QICT6BiU.mp4,0
4zpdFvM7Nvg.mp4,0
2rchzlr-sGs.mp4,0
1OJS1t-6_9k.mp4,0
CZiiD1UoDfQ.mp4,0
BwIIUBEqyzM.mp4,0
7MVtn8T13Lc.mp4,0
h9ylKbyXvJs.mp4,0
58pfZuiBfxs.mp4,0
fNT8a6e1gx8.mp4,0
3bvSH5Lv-GM.mp4,0
4JAC1zNjrZI.mp4,0
dVWdls7AMz0.mp4,0
4MUq3Prl8pU.mp4,0
2ucO7etmU-w.mp4,0
8y54C5UiktI.mp4,0
3chgDwReQSg.mp4,0
BYUE92j4p5U.mp4,0
8YOWyOUshRk.mp4,0
DzE2GZwQPfc.mp4,0
CIl6r9nP-VA.mp4,0
4zsgy6DmJfA.mp4,3
0ttF9J-6Gjs.mp4,0
3poB5VELd34.mp4,0
5vGvCnq_KhE.mp4,0
0ozA6CspdcQ.mp4,0
eyuQSdSbbp8.mp4,0
G4OkVnUWgIw.mp4,0
zIAjjFnDhNg.mp4,0
5OHnJzydoKI.mp4,0
Eu1VoQlUdIE.mp4,0
ziFmcT4dE8I.mp4,0
969xm4nuwv4.mp4,0
98N4rsO5w-o.mp4,0
1lqXl-xn0e4.mp4,4
9StVBqwqP0Q.mp4,0
dTvl7-acmxA.mp4,0
6E_MckK5Ea4.mp4,0
cjH2uBZtQ4Q.mp4,0
3gWIt6KUn2Y.mp4,0
EIJmIKK4S0w.mp4,0
5aVtAL5Sdmo.mp4,0
g5E4Br2Ay7M.mp4,0
1Q9Mo892UTU.mp4,0
Ads-4j06eJY.mp4,0
zsX7rrJK2Ho.mp4,0
ry7CmAt27aU.mp4,0
iFAIfRLaB64.mp4,0
zTJ04x54Akk.mp4,0
EoWGYt_g3Xo.mp4,0
0ozQhjCEq8g.mp4,0
BKVBGPL1vg0.mp4,0
3Vg-kKfUHzI.mp4,0
BQm9mbtZO_w.mp4,0
d6hcEStcJsA.mp4,2
351ig3jwOj8.mp4,0
zcAdSWQVqh8.mp4,0
10Gtr5Tzo3k.mp4,0
eY786tTR1JE.mp4,0
9yVpN3211-4.mp4,0
7IONUnzZCzk.mp4,0
FCcLqY-Nezo.mp4,0
e5I1o1sYuzE.mp4,0
54q7y2npxbM.mp4,0
6SPn9TENOdM.mp4,0
zEt7aQgOsSM.mp4,0
E1OPBAVeRgg.mp4,0
EiPus06oKy0.mp4,0
0Eh7r1WiwIk.mp4,0
gxjb6BJX3w0.mp4,0
zIePP-qbmSQ.mp4,0
zXbsQVNijQY.mp4,0
4xF7mSuRrBw.mp4,0
jDyuaU5bR2M.mp4,0
4TtUxQPu5UM.mp4,0
Exjh4uwEBhM.mp4,0
DqmvWZqmw6g.mp4,0
ye3uo_z2sL8.mp4,0
hr4pJ4qW9ao.mp4,5
zUx6MUvclGg.mp4,0
0anurowGDtM.mp4,0
BSs074tZDVY.mp4,0
iD6DQiD2J7I.mp4,0
8_wTTVpQyb0.mp4,0
zjzzuNtuvM4.mp4,0
8lizf3MuY_g.mp4,0
8BIEoB8RvEc.mp4,0
AdDxgNZ7nC0.mp4,0
1N6GBIlbtlo.mp4,0
CjWTln_pa2E.mp4,0
f-Ce31ybxr0.mp4,0
2ybDcnPdFUk.mp4,0
7MO4gEUj6v0.mp4,0
e-QCZVZd3Hg.mp4,0
5Ke194FDKvw.mp4,0
BVrZ2mPsdS0.mp4,0
9SdgcJ3CItw.mp4,0
zRxwP_QYfrA.mp4,0
9MBFq3hQGB0.mp4,0
daTPNSQet08.mp4,0
50iETKggGHg.mp4,0
fesiVDjpkQ0.mp4,0
ezAvfUPI1To.mp4,0
FgXEWubM-C4.mp4,0
As6P9wKcyHE.mp4,0
D4ci5AEJ8D0.mp4,0
Ds9jQZhKq-k.mp4,0
3vDdDt3iiUw.mp4,0
2_PWeBb41qM.mp4,0
fgbp9mCQX_g.mp4,0
iFvJ6Z4gjn0.mp4,0
yWSOa-EGYZM.mp4,0
0FXHt0ifSvM.mp4,0
5udliYZHcX4.mp4,0
6ozfmRow9e0.mp4,0
41ZdIWjZilo.mp4,0
516tEw1UjsQ.mp4,0
hvSB-C04cc4.mp4,0
EIbEgW6sOfk.mp4,0
csSRJt_dpWs.mp4,0
cddgTAQLy_4.mp4,0
936AugMqcas.mp4,0
35N28rtz66I.mp4,0
299RErdnW94.mp4,0
BCP8NZ8cb2Y.mp4,0
B1mBj-u8rqU.mp4,0
0ivltlK21Ns.mp4,0
9C82salEk7w.mp4,0
5O0H-uqiBVA.mp4,0
BNVJ1fl9d_o.mp4,0
fQLaFTniURg.mp4,0
yTktFsVCTgE.mp4,0
0iJ5ac1feUo.mp4,0
4Sp_9wH8hLs.mp4,0
1zB3R6tR5Ow.mp4,0
2sRkc0SllW8.mp4,0
4SVP0ShrpN0.mp4,0
2Wsw0KI-yQg.mp4,0
CUIp1T0qhWs.mp4,0
djEfK6eEs44.mp4,0
72Av5uHkcAU.mp4,0
41HO4Sv9o1E.mp4,0
DVdH1PW3R90.mp4,0
9TWvWwI3jG4.mp4,0
9-ff2wj6Kv8.mp4,0
4il_rxIKwxg.mp4,0
CMlcjMrsaDE.mp4,0
dATJBSktK3w.mp4,0
i0DCbqszFdc.mp4,0
B1IFiSpZo6s.mp4,0
0JCeMZ4Q3XQ.mp4,0
CdakPZuyQmU.mp4,0
DvFrW_NwzsI.mp4,0
DJB8r-n_U-4.mp4,0
iAgFnaYtCEs.mp4,0
DqI4YFN0VAY.mp4,0
3DQO_pUD8AU.mp4,0
zfumcO72yTs.mp4,0
F90t08ohskk.mp4,0
5y5Jkyq1fys.mp4,0
z4PZ5ShtP9s.mp4,0
1CfBoWJ8kAY.mp4,0
0fZJVfJ2RBk.mp4,0
6iGqd6tHOPk.mp4,0
CnT3ke7yiIY.mp4,0
A3jlcPSOOJ4.mp4,0
9VviAP3FNv4.mp4,0
3h7veASAUaw.mp4,0
DMc9iSm8Cek.mp4,0
DxIpPTZM-tw.mp4,0
Be7Kg0uuaBo.mp4,0
2LEpMiInAvQ.mp4,0
1Gqy0M8KbbE.mp4,0
eTDYjfBqa-A.mp4,0
2Wj7deJC5Fc.mp4,0
4suOE3IbJxA.mp4,0
fIbxApGphXU.mp4,0
AcOCIO6Yvho.mp4,0
81CrZCgo5ck.mp4,0
AKtthktaYps.mp4,0
5_k1TypH_s8.mp4,0
gq1BqNfRgVA.mp4,0
e8DIW3Oddxk.mp4,0
54S9SzY3rC8.mp4,0
ci-hty7fPhk.mp4,0
eN0F-yTvds4.mp4,0
yjAuZBiVFII.mp4,0
AFnaBCqKXjY.mp4,0
D9HR4q0vbwE.mp4,0
y7KIrON1uco.mp4,0
9hSr4jySQI0.mp4,0
8sfXcMMCKjI.mp4,0
zCCUZIqwDJw.mp4,0
0TFvNc9ysQo.mp4,0
TL7iR2rn_iM.mp4,0
iNlQhjadEdk.mp4,0
C-lM9br1t-c.mp4,0
i2DCHunih48.mp4,0
BLHi5R-AWn4.mp4,0
352fd8KUcD4.mp4,0
zjhom8jHY3s.mp4,0
dDIrYA9MTx4.mp4,0
CwmkeSgYUYc.mp4,0
EJOkupsVoqc.mp4,0
1nJ_iACyuR8.mp4,0
5j_RYzaXUvo.mp4,0
1jOUjpZ8ZzA.mp4,0
336iG0cnp1I.mp4,0
3MkO82JvaOo.mp4,0
6ID_GzmmHiI.mp4,0
y1Z9drIJpDU.mp4,0
dayKxlz2lfc.mp4,0
4KDsWM3PBFo.mp4,0
FSTcHQ4yBbw.mp4,0
6cF1wysTBio.mp4,0
zL8iF3HKrTs.mp4,0
81T-OWM-Hdo.mp4,0
eOjjLnOdgow.mp4,0
0vLMr2lZ0sg.mp4,0
8SHkx17D3NI.mp4,0
8OdWDKRJBMI.mp4,0
0DDmNNhOMiM.mp4,1
GDBg3OSfLuQ.mp4,0
qM3O_kbpMu4.mp4,0
icNz0ybuM-Y.mp4,8
5y_POcCcSoY.mp4,0
3BVUK16126s.mp4,0
yOahRYQ9WGg.mp4,0
BK22hkz7EEA.mp4,0
6EqXNRLauMs.mp4,0
ELZ2hHlrfqU.mp4,0
CdKKRdaIQ2A.mp4,0
2MnvFrB5ljQ.mp4,2
cZJt9T7ZJJ0.mp4,0
f2N4-pc_0tw.mp4,0
h9aiKLcGHFg.mp4,0
FSc7h8Fe0Qc.mp4,0
EyHFK4r23qE.mp4,0
42G9c1uWjDE.mp4,0
97QYdY00md0.mp4,3
fDAfyBbiA_c.mp4,0
dffsnvj482I.mp4,0
y2sG9wyrZSo.mp4,0
5zCLCm5eTfU.mp4,6
3WB3Ca1ocq8.mp4,0
62wRVH1x568.mp4,0
missing.txt,0
515Gx9QKNZg.mp4,0
2aQhjfDc_nw.mp4,0
11QQwlNKUr4.mp4,0
B57Q2xr4Zqs.mp4,0
FXfNRvClUfE.mp4,0
t8kj_8FAvXY.mp4,0
8NrrsmlzppU.mp4,0
6Sz-NBrXrIc.mp4,0
APQPCrDSvok.mp4,0
0av-wKimT9Q.mp4,0
4kvGXzEnLLY.mp4,0
FmuUP-ysNRY.mp4,0
5XDn22CL-ig.mp4,0
eMilG9rm5Fk.mp4,0
F4i2YfiFVWA.mp4,0
exEnmcyx4AE.mp4,0
AbevUmFjcsM.mp4,0
7xpeNMA_H30.mp4,0
1zRfH_9kqtk.mp4,0
2CEgB1m2AVs.mp4,0
cvqbe6xyT7Y.mp4,0
zCjNh65JKWs.mp4,0
fFCYzGlym7U.mp4,0
03LjSYPMBK8.mp4,0
6FXrKHL9HJE.mp4,0
glKN7u7GiXo.mp4,0
2OelV3IyI2U.mp4,0
gD27ugwqd9Q.mp4,0
1Fcli9bH_X8.mp4,0
z_lZQ35yYGE.mp4,0
6fjvNHU3utk.mp4,0
Etpr16kgX-A.mp4,0
fSAY6QRd2Sk.mp4,0
iy0MP4bYx7I.mp4,0
CTOvj74LWD8.mp4,0
FrxDzpLQj0M.mp4,0
1akHL1w-dg4.mp4,0
9sFoofToRqM.mp4,0
3bFbHvIHOZI.mp4,0
yG_ZGSd4bVg.mp4,0
yEjgOg1uuhM.mp4,0
7f96j98SBos.mp4,0
7tQrGhbDtf8.mp4,0
f82aScel6A4.mp4,0
fLZ-ZLa67AI.mp4,0
56N-i92glR0.mp4,4
EnRAb1nxojY.mp4,0
8ucWglL7KAo.mp4,0
6EV-lYl0Z-E.mp4,0
zBUNx3MO91s.mp4,0
5-XiLc5yNM4.mp4,0
8aghH-z3-D4.mp4,0
1MXVCVH4g0U.mp4,0
iijUm8WqVxY.mp4,0
gXFw0P3GjGw.mp4,0
FShqWVOQ3w0.mp4,0
7WDXbJ40obk.mp4,0
_GGnds1j594.mp4,0
ABa_cT1HZjI.mp4,0
A0TqKW_XJZg.mp4,0
hQcvzvur-qE.mp4,0
0WcGVcWLLy0.mp4,0
DypMxoHj9PI.mp4,0
Bn5RrOa7AEI.mp4,0
ApwxdbyKZM8.mp4,0
FND2JfzngVY.mp4,0
1J2xI3cB5QI.mp4,0
cF_TSTqIq-k.mp4,0
fyWOxU3YUq8.mp4,0
6ro7A-XZ2s4.mp4,0
DrO77wFa0h8.mp4,0
4CZCJPhojUc.mp4,0
1k2s89desLs.mp4,0
2P0cJuo415A.mp4,0
0ulVg4h6W9E.mp4,0
8qXUaQ1ClaI.mp4,0
cGWgGJPb9S0.mp4,0
dAzt--IDaFY.mp4,0
j8ndf-DFeGs.mp4,0
Fcqg1dByeQY.mp4,0
yLfw4Ickjcg.mp4,0
BfUPRI3h4vo.mp4,0
frHPSdr6rIM.mp4,0
zmzA8DqVbCU.mp4,0
1c1aGRdDYB8.mp4,0
eqKAO5cMjqg.mp4,0
gbCXd7vaJGQ.mp4,0
y0URUVcvrTg.mp4,0
BYvuOPyol7M.mp4,0
ATIQfcSoD1k.mp4,0
4ThRECG4eCc.mp4,0
1-bCws7TnBs.mp4,0
e1BScFHBdZM.mp4,0
8lvz5LG50wc.mp4,0
6czb8zhu-1g.mp4,0
9bDENh85jEw.mp4,0
7zmelCE78Cg.mp4,0
dhXMJmVhV5g.mp4,0
5oBpHPqwbSE.mp4,0
0QgDWB3M47g.mp4,0
8Pgz-GaUC6M.mp4,0
2O6QUmPT0gM.mp4,0
6rf3bfocwRE.mp4,0
4wy0XftG3nQ.mp4,0
4JYInRUHjlY.mp4,1
DGinIoH2fiE.mp4,0
dIrGN8SfUmc.mp4,0
4kxlmzvxEgA.mp4,0
5at8X56tN58.mp4,0
0k2iDuG8DnY.mp4,0
cbBTWL0UsZA.mp4,0
hgi6y5hyASs.mp4,0
iKMj6Yy-_xM.mp4,0
4SLHWjGmHR4.mp4,0
DaMD9zsZfQc.mp4,0
CnBZlJ39ESQ.mp4,0
1aIPXe8ETE0.mp4,0
hcfvUwu-Rtg.mp4,0
G34h0hn3T5k.mp4,0
ifXiQ2Gn-SE.mp4,0
h0huilc1RVI.mp4,3
HPEGnbgZF0g.mp4,0
fwMOnKD1uTw.mp4,0
4Y1TNFRw3Nc.mp4,0
h9Pdy9Mf6so.mp4,0
hZEsAz3oVOA.mp4,0
eLmY7Wgy92A.mp4,0
ypsSYB5vDxY.mp4,0
FGV6O7O3DVk.mp4,0
CkufhP_fqpQ.mp4,0
E79-7SQG0lQ.mp4,0
EmXFzQo4BFw.mp4,0
CxwIFtawYDc.mp4,0
2K6sNH3QdM4.mp4,0
ifmrY0Wrv1k.mp4,0
greJ-l3-t4k.mp4,0
7Ed0xWifFhk.mp4,0
ckPhqJRl3FM.mp4,0
y7IDHwY2MX8.mp4,0
7ZD77TloaUw.mp4,0
FoWGLvCfKN8.mp4,0
54zTmk-QfFU.mp4,7
G3zfes_ZL5U.mp4,0
QM1Q1bVJDBY.mp4,0
9XgfeuesCu8.mp4,0
dSkoNrtNxwo.mp4,0
DsgMcPXnruc.mp4,0
AaOBr9lUqJw.mp4,0
zpIEtCRmfvQ.mp4,0
cQ8Dl52X1u0.mp4,0
BLVDbsj7Xo4.mp4,0
8EIalfK2d_U.mp4,0
6vmtT8VJus8.mp4,0
8bGKwN2uYLM.mp4,0
idC7wV2Krso.mp4,0
yFwKYyjhzz0.mp4,0
B7ovyGxt_xk.mp4,0
EuRVf4jMX6w.mp4,0
etphd0LQGa8.mp4,0
gF4Zj4htxus.mp4,0
6q74MasV6o4.mp4,0
5uyaCVlSQIY.mp4,0
FZ0u_44WQck.mp4,0
4vfuSkczIcI.mp4,0
hjzOb4_gGLc.mp4,0
045-gE1O_hQ.mp4,0
8j5uolV235U.mp4,4
ALW91e6WPTU.mp4,0
4cHEmCgi4gI.mp4,0
1Htwr-zvUoI.mp4,0
fZ3tPElWpmQ.mp4,0
dLzmPt2segw.mp4,0
1t3Hbvflc40.mp4,0
feu2X-H-JJM.mp4,0
EwTCXTgehpU.mp4,2
zPiE-DdEphM.mp4,0
