video_id,person_id
5epnKnBWP4Y.mp4,572
elPm3JWd7jg.mp4,413
zpKzb1SBN3Y.mp4,403
iMJ9CjBX7eo.mp4,344
d2gB2dwOh8Y.mp4,36
4_od0W20hL0.mp4,503
5dVs413UwiQ.mp4,465
kdQ2a7hZXlo.mp4,345
Ca-QuAhymDI.mp4,539
fxWUS2_M1zI.mp4,595
iveNZzCRtR0.mp4,19
1Dtihc3VSiQ.mp4,423
iWkiOB3Q7M0.mp4,14
hzpuXBlOJjk.mp4,369
evNnts-GPb0.mp4,493
20L1KcP9Zeo.mp4,512
ey3i9jNcat4.mp4,459
EXwxV-YwzWw.mp4,402
hbgDIstz44Q.mp4,639
jPzZuaEj0Zc.mp4,407
e1ufQQzu6Xw.mp4,455
9pk8Y3m6qfs.mp4,596
hVwaGil0cvg.mp4,457
4Fe7_ieumkE.mp4,368
gdVQKVcjBO8.mp4,404
8kr8G6TzCbM.mp4,431
yCTSy-JKKm4.mp4,643
h8dOib-Zgic.mp4,483
Ey2ffSyjjpk.mp4,2
31sHy2-FC70.mp4,492
9zbdyl9LPlY.mp4,5
CNvItMnGsqQ.mp4,10
3zRUoFOUi4Q.mp4,383
cNn_N22whAU.mp4,527
Fkqc2gKSn3s.mp4,506
0bodeyCThJM.mp4,498
Cf6muMegzQw.mp4,575
gYWFkLcrzwY.mp4,355
3v8sZtJUTFw.mp4,13
ggouMQubrPo.mp4,545
Ac89P5vslQ8.mp4,537
2ITtrEoHXt0.mp4,562
znwRZXn3jc0.mp4,559
0P-4kPS3cls.mp4,357
B0jTPtxw3WA.mp4,585
9Oj4WYiljqs.mp4,592
g6RtHuHe2IU.mp4,454
fdupGWt4C7o.mp4,14
ftjAL7MnqsE.mp4,453
ec-FdAxr7t0.mp4,659
Fp-uzRiUjYA.mp4,451
4vufI1X8Tfo.mp4,484
j5tAIxbfD5I.mp4,10
gABu4hLdIPI.mp4,341
6DuQPRnG0Ww.mp4,667
e3wWhZEhB5w.mp4,410
DapcWzQ9jws.mp4,657
64lav2iA5-c.mp4,471
BKGjbJzV0Yg.mp4,405
BXjgMNlzXts.mp4,681
DHNrMfrmQLo.mp4,636
Asw-hzCFpsk.mp4,519
9WDtyHX4aE0.mp4,415
8HGLcWPqHLw.mp4,387
6W1P4Y3rgiA.mp4,652
t8AD-WroGuA.mp4,24
0xmSyGtz2Rc.mp4,591
F9rUYLtX4UI.mp4,561
8y3qgSwNDEg.mp4,370
9HApTTCD_ZA.mp4,25
fnmPmrAhsHE.mp4,653
A7FKk2B10T8.mp4,635
5wNTldGmvJg.mp4,541
gJeM5T7uW_k.mp4,75
5zKKtPxCeeA.mp4,346
20nY5jgoY8w.mp4,424
AdtXXwufcbM.mp4,358
0KcUZlotmlo.mp4,9
i5WYcqIz5J0.mp4,543
3hLpzO5JBFo.mp4,540
y3rmBWJoJg4.mp4,60
0sJIlX1BvBc.mp4,367
j2iRHiIYtTg.mp4,557
1JkgunkIw0A.mp4,642
elyTFSImpJU.mp4,0
DOJ2vhDD7Gg.mp4,668
BsWxZJZgSu0.mp4,599
3AECbbprur0.mp4,409
0AQHLPt8NDk.mp4,4
1cT9kp1pI8A.mp4,31
9x7l1wRg6sg.mp4,583
gCBgwogxD90.mp4,3
fTpH5m4OTw4.mp4,491
7CyI8OaIPEg.mp4,475
0OTrKoliOTc.mp4,399
6nPVUAoFAVc.mp4,443
tUnOjApclYI.mp4,523
Ai6E8ArWukM.mp4,516
14diAi-BS40.mp4,435
6nijXFM2g0k.mp4,550
8f-viutNi5s.mp4,611
1d7meFB92Z0.mp4,528
6IlzyR80mU4.mp4,17
Bd2YIcGbbJg.mp4,37
0fsBkodUEk0.mp4,553
Eh3k6oJrFgY.mp4,607
Dfbzc57HfuE.mp4,461
zTt2umLBlnI.mp4,365
f9IWQ5RfWOE.mp4,31
3xGoX0gMhnU.mp4,551
DbgouR8P_sc.mp4,655
cOLbmvM8BX0.mp4,610
63hltb-VK6Y.mp4,656
5s6cdVbujI8.mp4,19
zfmkSZqbytg.mp4,679
9FlJ6A2VtHE.mp4,452
cfpYnacUBGY.mp4,359
6xIMOHq41ZE.mp4,549
dyncF1VNi7E.mp4,554
EmHZnx5ubqM.mp4,546
2vItFX_gYQE.mp4,449
0Le-U7KC0Vo.mp4,589
3DigAUAvEM0.mp4,371
5aoBAHGx5Lg.mp4,555
xyDLVLUE3E8.mp4,603
4ZWZaCaywiE.mp4,525
AKnhk5o_gB8.mp4,547
07BevXg9ISg.mp4,580
jEMv5qYrQQU.mp4,514
FrcyJM5zrwY.mp4,421
6O6O2eXf22o.mp4,442
6QuKxaUXUnY.mp4,204
6rMNK9JX0nc.mp4,39
0HzztPiFelY.mp4,628
3JVhctLBUpI.mp4,15
9oAD9JRPPIQ.mp4,427
eTNLGLPk8GE.mp4,544
e0bxKJXsUyw.mp4,563
FVGiejB_3NY.mp4,15
heiiaUwtoyE.mp4,567
4tz_Fs1UaEw.mp4,542
zViz5q_jppE.mp4,456
yuw1gcJuWUI.mp4,78
i7Bba2aL968.mp4,36
AsrselCGBNw.mp4,19
gKMNtUuHhMQ.mp4,661
EVSHpKviFyM.mp4,19
1U-rv8VSGpE.mp4,612
fKp-LcL_C0g.mp4,12
3-cl4u7Cy3w.mp4,627
5dttR4Yq-2k.mp4,419
2eaeeo4GmMI.mp4,59
dlz_0MViUkM.mp4,450
8n6wq6QS9Js.mp4,576
5V9VcrKqap0.mp4,682
4AsiL4C8l_E.mp4,439
7yYu5s4k8Ig.mp4,416
BZCKDSs6_yU.mp4,485
3JxIU16AK4E.mp4,422
8vEmhQFW_HM.mp4,372
eomix44nL8Y.mp4,381
3_D804hV73c.mp4,360
EOBVORO9PqI.mp4,631
edY8MnMxLvQ.mp4,654
DBWeTHcejYc.mp4,495
5f4Cmp-B-6E.mp4,347
hvsIMRUhF3g.mp4,386
hOj4HdPqnaI.mp4,605
hxsYFv1gu2k.mp4,638
2FvaJMgoK6Q.mp4,25
1SfQim8avcU.mp4,518
fDa44HdK5Jk.mp4,241
3JGY9iG_hwA.mp4,647
E7ky6rxSf9g.mp4,466
d65LN13bioQ.mp4,0
hDwx7q8PybM.mp4,651
Ct-0LgiwtBs.mp4,276
F10nhpbwFio.mp4,490
dZQp7OeNINo.mp4,648
FaELOA6h-ec.mp4,604
hJ3j-qvoXU0.mp4,363
2qmUi3dQ2Jg.mp4,379
zxTnvkq7UY0.mp4,499
h9cr6AMsZ1A.mp4,349
cL6eUVAj-w0.mp4,445
EDlQOtl4fW8.mp4,641
CtzHLhxMNEg.mp4,432
fdYayrt6iCA.mp4,497
1woNMYcqmd4.mp4,487
DiuUsIp_HwQ.mp4,513
5dtlhQwq0TE.mp4,574
EslZp7UiTck.mp4,343
3ny1DoUAOTs.mp4,75
dgj2EdrYj8Y.mp4,382
G2tzMT1j0gI.mp4,600
eWlDjpFLYqU.mp4,586
cNdBf5OrQaE.mp4,621
gf4kOt6TAnY.mp4,480
3TEQLFpSk2I.mp4,440
49Hrw3x7hNc.mp4,535
EneN23qhjfM.mp4,59
ca4QRwcn6Bg.mp4,17
zSka935oFBs.mp4,26
yJ3RLMCaL6E.mp4,622
coGgJgh_WM8.mp4,637
4EvCg5TAe2g.mp4,184
1XGGYA2sAGU.mp4,350
g_Gny24zEVw.mp4,245
AgraECvNR1A.mp4,632
8Uba2tgT1nA.mp4,327
f75G_hZMSHs.mp4,224
7JF1onKatVI.mp4,11
zStwKOvIhPA.mp4,673
2-0BoNb-3DE.mp4,310
CihteHtAA3U.mp4,464
daJKdQj-fIo.mp4,211
cux9_CWO_t0.mp4,420
4b-evcJm2JQ.mp4,59
xwbNd7G0HlA.mp4,428
FqVslwH0lNU.mp4,558
g0_rpTr4a04.mp4,620
5F8L1mWySQY.mp4,441
B9F8-rb0IdU.mp4,469
dBKY0y6Zypk.mp4,552
ElqX77ZzdmE.mp4,287
5cjkZmWlhKE.mp4,10
ixq65EiuJ_c.mp4,82
EKX7-U56t84.mp4,486
2AENol2KoQ0.mp4,584
hi8RtGrEnQk.mp4,401
j8N8RXxJYTk.mp4,565
9g8SlQm5DH0.mp4,10
5eWlGWCPPKE.mp4,571
ddiHrN-4k3o.mp4,301
Fna4TLb-O3c.mp4,617
7dlRChv8Cqk.mp4,22
hxzR3y9beks.mp4,481
FwY1qhD29Ic.mp4,675
hHxhQ-5ms18.mp4,500
gALXtpV4IY8.mp4,467
CvlyhtXd9e8.mp4,660
5srsUxY6Bts.mp4,587
Bz95GFOr1jQ.mp4,305
iKEJlREMx7w.mp4,35
6TdGf8t-jCw.mp4,65
h4vwEwviJhE.mp4,366
hL_kvMHjvag.mp4,37
BZRSf9WgPyQ.mp4,560
eK0qbGyQ-eA.mp4,521
yLgXgyi08fk.mp4,406
8NRDuefNAB8.mp4,662
EHwZDbs8rHI.mp4,598
4nzkodp42-8.mp4,16
2tI4C08oPf4.mp4,397
C8w5YwWTnHs.mp4,658
3pKwGJ55kYM.mp4,680
2s0E4Xc_Vc0.mp4,7
cunzvS3XRX4.mp4,460
4d5o3B6wRP0.mp4,566
yUdckPR86JI.mp4,429
2HCnifZR1pw.mp4,650
1FyCb58JHDI.mp4,219
iFm0D933usQ.mp4,505
dP56fO6l8ps.mp4,325
9Q2I3rdlDGI.mp4,78
BJzvPCzkZ3Q.mp4,348
cfrSyaoWMl0.mp4,615
yoEv7zoAZsc.mp4,590
5a0AL7L3Kuo.mp4,38
yH_kzYMc0dE.mp4,395
d-0NivWQG98.mp4,588
y0_Id80EZ2Y.mp4,633
1nFdgokPwBw.mp4,482
qrR_VwMIsnU.mp4,674
fk1C9sC3uuw.mp4,318
fCCl-5JPqys.mp4,190
e9o20Wskpvw.mp4,12
97nb1fj6ufo.mp4,356
3EFLTeLMx_o.mp4,606
iinVA9KHGpg.mp4,340
5J_GL5oN1hg.mp4,315
zvwULEttdRM.mp4,328
1FbKP8vZvdM.mp4,529
DCy7yjXqaAM.mp4,391
cRaiN8hvjhQ.mp4,215
D1cfuXI7M4g.mp4,425
9GhUO_jopI0.mp4,36
9l2Mv5Nc4AU.mp4,609
24fz_9v18Us.mp4,320
B6EREFQ9ElE.mp4,24
6Ozd2ctTIfk.mp4,336
2msG66_yfBw.mp4,304
dMKmndhoBNA.mp4,625
Fb-fHA2ykDA.mp4,524
4yQ5fvm_5IU.mp4,269
gL9n_OOU4jA.mp4,619
1yTbNONofs8.mp4,396
FbZrrTY0h2k.mp4,447
ydkoHwZPGzg.mp4,448
gNraObUk2g4.mp4,597
9kgmcWThQDk.mp4,501
esEqayOO1DA.mp4,478
A7MPMeiOVcc.mp4,436
8dOyIkn1PAY.mp4,474
yYYYXAAbH7A.mp4,446
16AKloM5AiA.mp4,40
hVoU7P_QdUQ.mp4,293
ic9LAfKoFTA.mp4,16
1-UWD5mgnAw.mp4,10
crfw6Flgwfo.mp4,463
6y8pAvRbl1s.mp4,677
00ADU7t7IWI.mp4,342
e3TvpSRr6G4.mp4,59
4i0Y_mFJejI.mp4,15
5iRIeHAK9b0.mp4,582
zl5Q-PahKrQ.mp4,411
7UgIx_7-oyA.mp4,458
Fu-9Q10jucQ.mp4,302
8jjWexiKjCQ.mp4,380
AWO6g60KgQU.mp4,229
h9Tc85rSUVU.mp4,285
3zBcV4VQ2lg.mp4,388
E2NO47RYFe0.mp4,19
dJsztl1VYrI.mp4,39
cfZjpzmMYLU.mp4,663
5DolK2hufSM.mp4,17
7-uJbyWnwfU.mp4,533
7BgQM7l2ZY0.mp4,494
1opYrIh0eGc.mp4,526
6NFafGuO4wI.mp4,246
FV4HBtRL89c.mp4,8
gwo0dhvT1yA.mp4,272
BU464Hto_J0.mp4,297
gPs26StOEPE.mp4,392
csrcOUZevJU.mp4,618
3CZ2aZBU_c0.mp4,364
ia1iCQCygpE.mp4,444
6vrfEopSMeo.mp4,462
1fppkGIDsDo.mp4,412
A33z5b18iew.mp4,275
zsHK8wYjQ9E.mp4,373
z3jAMn3xpoM.mp4,3
evvA531rreo.mp4,262
ildCQTeV-3U.mp4,569
75WjJDQ6HEA.mp4,437
yic6BZiXqCk.mp4,16
zqBzsQQSzxU.mp4,1
dOBaV-PhD-s.mp4,504
CYRahtYNa0Q.mp4,593
4ckqY82422o.mp4,573
95SU1Kci698.mp4,226
6y4R_EYLT4A.mp4,502
BZN0y7Ejwj8.mp4,263
1hzMhZSt64k.mp4,78
FYdKjJCcQcw.mp4,676
fMri0uE3i-w.mp4,222
g6dL_64oZ3Y.mp4,329
i96QICT6BiU.mp4,270
4zpdFvM7Nvg.mp4,225
2rchzlr-sGs.mp4,470
1OJS1t-6_9k.mp4,330
CZiiD1UoDfQ.mp4,309
BwIIUBEqyzM.mp4,634
7MVtn8T13Lc.mp4,385
h9ylKbyXvJs.mp4,351
58pfZuiBfxs.mp4,249
fNT8a6e1gx8.mp4,15
3bvSH5Lv-GM.mp4,515
4JAC1zNjrZI.mp4,210
dVWdls7AMz0.mp4,174
4MUq3Prl8pU.mp4,353
2ucO7etmU-w.mp4,564
8y54C5UiktI.mp4,408
3chgDwReQSg.mp4,645
BYUE92j4p5U.mp4,670
8YOWyOUshRk.mp4,73
DzE2GZwQPfc.mp4,579
CIl6r9nP-VA.mp4,10
4zsgy6DmJfA.mp4,496
0ttF9J-6Gjs.mp4,640
3poB5VELd34.mp4,678
5vGvCnq_KhE.mp4,394
0ozA6CspdcQ.mp4,213
eyuQSdSbbp8.mp4,29
G4OkVnUWgIw.mp4,623
zIAjjFnDhNg.mp4,13
5OHnJzydoKI.mp4,231
Eu1VoQlUdIE.mp4,230
ziFmcT4dE8I.mp4,352
969xm4nuwv4.mp4,376
98N4rsO5w-o.mp4,228
1lqXl-xn0e4.mp4,173
9StVBqwqP0Q.mp4,203
dTvl7-acmxA.mp4,183
6E_MckK5Ea4.mp4,261
cjH2uBZtQ4Q.mp4,217
3gWIt6KUn2Y.mp4,608
EIJmIKK4S0w.mp4,434
5aVtAL5Sdmo.mp4,319
g5E4Br2Ay7M.mp4,398
1Q9Mo892UTU.mp4,417
Ads-4j06eJY.mp4,430
zsX7rrJK2Ho.mp4,175
ry7CmAt27aU.mp4,294
iFAIfRLaB64.mp4,15
zTJ04x54Akk.mp4,400
EoWGYt_g3Xo.mp4,19
0ozQhjCEq8g.mp4,473
BKVBGPL1vg0.mp4,488
3Vg-kKfUHzI.mp4,414
BQm9mbtZO_w.mp4,19
d6hcEStcJsA.mp4,171
351ig3jwOj8.mp4,195
zcAdSWQVqh8.mp4,389
10Gtr5Tzo3k.mp4,10
eY786tTR1JE.mp4,60
9yVpN3211-4.mp4,232
7IONUnzZCzk.mp4,7
FCcLqY-Nezo.mp4,472
e5I1o1sYuzE.mp4,250
54q7y2npxbM.mp4,476
6SPn9TENOdM.mp4,317
zEt7aQgOsSM.mp4,629
E1OPBAVeRgg.mp4,672
EiPus06oKy0.mp4,1
0Eh7r1WiwIk.mp4,507
gxjb6BJX3w0.mp4,333
zIePP-qbmSQ.mp4,517
zXbsQVNijQY.mp4,568
4xF7mSuRrBw.mp4,257
jDyuaU5bR2M.mp4,339
4TtUxQPu5UM.mp4,207
Exjh4uwEBhM.mp4,59
DqmvWZqmw6g.mp4,192
ye3uo_z2sL8.mp4,282
hr4pJ4qW9ao.mp4,433
zUx6MUvclGg.mp4,577
0anurowGDtM.mp4,14
BSs074tZDVY.mp4,179
iD6DQiD2J7I.mp4,556
8_wTTVpQyb0.mp4,154
zjzzuNtuvM4.mp4,13
8lizf3MuY_g.mp4,209
8BIEoB8RvEc.mp4,666
AdDxgNZ7nC0.mp4,669
1N6GBIlbtlo.mp4,223
CjWTln_pa2E.mp4,624
f-Ce31ybxr0.mp4,626
2ybDcnPdFUk.mp4,11
7MO4gEUj6v0.mp4,40
e-QCZVZd3Hg.mp4,601
5Ke194FDKvw.mp4,32
BVrZ2mPsdS0.mp4,536
9SdgcJ3CItw.mp4,570
zRxwP_QYfrA.mp4,74
9MBFq3hQGB0.mp4,27
daTPNSQet08.mp4,274
50iETKggGHg.mp4,236
fesiVDjpkQ0.mp4,2
ezAvfUPI1To.mp4,479
FgXEWubM-C4.mp4,323
As6P9wKcyHE.mp4,122
D4ci5AEJ8D0.mp4,438
Ds9jQZhKq-k.mp4,578
3vDdDt3iiUw.mp4,671
2_PWeBb41qM.mp4,337
fgbp9mCQX_g.mp4,393
iFvJ6Z4gjn0.mp4,221
yWSOa-EGYZM.mp4,101
0FXHt0ifSvM.mp4,374
5udliYZHcX4.mp4,426
6ozfmRow9e0.mp4,468
41ZdIWjZilo.mp4,362
516tEw1UjsQ.mp4,548
hvSB-C04cc4.mp4,178
EIbEgW6sOfk.mp4,520
csSRJt_dpWs.mp4,1
cddgTAQLy_4.mp4,6
936AugMqcas.mp4,616
35N28rtz66I.mp4,375
299RErdnW94.mp4,4
BCP8NZ8cb2Y.mp4,378
B1mBj-u8rqU.mp4,384
0ivltlK21Ns.mp4,377
9C82salEk7w.mp4,338
5O0H-uqiBVA.mp4,218
BNVJ1fl9d_o.mp4,181
fQLaFTniURg.mp4,259
yTktFsVCTgE.mp4,191
0iJ5ac1feUo.mp4,216
4Sp_9wH8hLs.mp4,286
1zB3R6tR5Ow.mp4,530
2sRkc0SllW8.mp4,307
4SVP0ShrpN0.mp4,534
2Wsw0KI-yQg.mp4,212
CUIp1T0qhWs.mp4,264
djEfK6eEs44.mp4,6
72Av5uHkcAU.mp4,27
41HO4Sv9o1E.mp4,273
DVdH1PW3R90.mp4,277
9TWvWwI3jG4.mp4,26
9-ff2wj6Kv8.mp4,313
4il_rxIKwxg.mp4,220
CMlcjMrsaDE.mp4,0
dATJBSktK3w.mp4,112
i0DCbqszFdc.mp4,291
B1IFiSpZo6s.mp4,649
0JCeMZ4Q3XQ.mp4,19
CdakPZuyQmU.mp4,508
DvFrW_NwzsI.mp4,0
DJB8r-n_U-4.mp4,489
iAgFnaYtCEs.mp4,71
DqI4YFN0VAY.mp4,237
3DQO_pUD8AU.mp4,311
zfumcO72yTs.mp4,199
F90t08ohskk.mp4,10
5y5Jkyq1fys.mp4,206
z4PZ5ShtP9s.mp4,172
1CfBoWJ8kAY.mp4,163
0fZJVfJ2RBk.mp4,214
6iGqd6tHOPk.mp4,108
CnT3ke7yiIY.mp4,104
A3jlcPSOOJ4.mp4,532
9VviAP3FNv4.mp4,82
3h7veASAUaw.mp4,197
DMc9iSm8Cek.mp4,46
DxIpPTZM-tw.mp4,324
Be7Kg0uuaBo.mp4,644
2LEpMiInAvQ.mp4,334
1Gqy0M8KbbE.mp4,169
eTDYjfBqa-A.mp4,91
2Wj7deJC5Fc.mp4,196
4suOE3IbJxA.mp4,201
fIbxApGphXU.mp4,109
AcOCIO6Yvho.mp4,188
81CrZCgo5ck.mp4,298
AKtthktaYps.mp4,335
5_k1TypH_s8.mp4,271
gq1BqNfRgVA.mp4,186
e8DIW3Oddxk.mp4,602
54S9SzY3rC8.mp4,22
ci-hty7fPhk.mp4,613
eN0F-yTvds4.mp4,630
yjAuZBiVFII.mp4,18
AFnaBCqKXjY.mp4,279
D9HR4q0vbwE.mp4,314
y7KIrON1uco.mp4,124
9hSr4jySQI0.mp4,234
8sfXcMMCKjI.mp4,646
zCCUZIqwDJw.mp4,97
0TFvNc9ysQo.mp4,581
TL7iR2rn_iM.mp4,303
iNlQhjadEdk.mp4,65
C-lM9br1t-c.mp4,177
i2DCHunih48.mp4,0
BLHi5R-AWn4.mp4,170
352fd8KUcD4.mp4,137
zjhom8jHY3s.mp4,316
dDIrYA9MTx4.mp4,60
CwmkeSgYUYc.mp4,295
EJOkupsVoqc.mp4,253
1nJ_iACyuR8.mp4,252
5j_RYzaXUvo.mp4,300
1jOUjpZ8ZzA.mp4,78
336iG0cnp1I.mp4,248
3MkO82JvaOo.mp4,161
6ID_GzmmHiI.mp4,509
y1Z9drIJpDU.mp4,281
dayKxlz2lfc.mp4,235
4KDsWM3PBFo.mp4,665
FSTcHQ4yBbw.mp4,278
6cF1wysTBio.mp4,198
zL8iF3HKrTs.mp4,522
81T-OWM-Hdo.mp4,354
eOjjLnOdgow.mp4,280
0vLMr2lZ0sg.mp4,135
8SHkx17D3NI.mp4,1
8OdWDKRJBMI.mp4,88
0DDmNNhOMiM.mp4,187
GDBg3OSfLuQ.mp4,251
qM3O_kbpMu4.mp4,242
icNz0ybuM-Y.mp4,288
5y_POcCcSoY.mp4,200
3BVUK16126s.mp4,110
yOahRYQ9WGg.mp4,107
BK22hkz7EEA.mp4,73
6EqXNRLauMs.mp4,308
ELZ2hHlrfqU.mp4,84
CdKKRdaIQ2A.mp4,176
2MnvFrB5ljQ.mp4,117
cZJt9T7ZJJ0.mp4,29
f2N4-pc_0tw.mp4,511
h9aiKLcGHFg.mp4,71
FSc7h8Fe0Qc.mp4,227
EyHFK4r23qE.mp4,74
42G9c1uWjDE.mp4,159
97QYdY00md0.mp4,244
fDAfyBbiA_c.mp4,136
dffsnvj482I.mp4,312
y2sG9wyrZSo.mp4,87
5zCLCm5eTfU.mp4,240
3WB3Ca1ocq8.mp4,614
62wRVH1x568.mp4,25
missing.txt,0
515Gx9QKNZg.mp4,29
2aQhjfDc_nw.mp4,202
11QQwlNKUr4.mp4,258
B57Q2xr4Zqs.mp4,106
FXfNRvClUfE.mp4,138
t8kj_8FAvXY.mp4,185
8NrrsmlzppU.mp4,531
6Sz-NBrXrIc.mp4,361
APQPCrDSvok.mp4,95
0av-wKimT9Q.mp4,93
4kvGXzEnLLY.mp4,205
FmuUP-ysNRY.mp4,418
5XDn22CL-ig.mp4,18
eMilG9rm5Fk.mp4,139
F4i2YfiFVWA.mp4,130
exEnmcyx4AE.mp4,67
AbevUmFjcsM.mp4,243
7xpeNMA_H30.mp4,5
1zRfH_9kqtk.mp4,125
2CEgB1m2AVs.mp4,134
cvqbe6xyT7Y.mp4,664
zCjNh65JKWs.mp4,267
fFCYzGlym7U.mp4,283
03LjSYPMBK8.mp4,299
6FXrKHL9HJE.mp4,102
glKN7u7GiXo.mp4,390
2OelV3IyI2U.mp4,321
gD27ugwqd9Q.mp4,194
1Fcli9bH_X8.mp4,22
z_lZQ35yYGE.mp4,85
6fjvNHU3utk.mp4,289
Etpr16kgX-A.mp4,28
fSAY6QRd2Sk.mp4,193
iy0MP4bYx7I.mp4,331
CTOvj74LWD8.mp4,114
FrxDzpLQj0M.mp4,158
1akHL1w-dg4.mp4,98
9sFoofToRqM.mp4,48
3bFbHvIHOZI.mp4,166
yG_ZGSd4bVg.mp4,142
yEjgOg1uuhM.mp4,35
7f96j98SBos.mp4,59
7tQrGhbDtf8.mp4,8
f82aScel6A4.mp4,208
fLZ-ZLa67AI.mp4,96
56N-i92glR0.mp4,239
EnRAb1nxojY.mp4,247
8ucWglL7KAo.mp4,28
6EV-lYl0Z-E.mp4,113
zBUNx3MO91s.mp4,115
5-XiLc5yNM4.mp4,510
8aghH-z3-D4.mp4,3
1MXVCVH4g0U.mp4,153
iijUm8WqVxY.mp4,143
gXFw0P3GjGw.mp4,50
FShqWVOQ3w0.mp4,105
7WDXbJ40obk.mp4,477
_GGnds1j594.mp4,99
ABa_cT1HZjI.mp4,38
A0TqKW_XJZg.mp4,103
hQcvzvur-qE.mp4,254
0WcGVcWLLy0.mp4,538
DypMxoHj9PI.mp4,140
Bn5RrOa7AEI.mp4,594
ApwxdbyKZM8.mp4,164
FND2JfzngVY.mp4,292
1J2xI3cB5QI.mp4,284
cF_TSTqIq-k.mp4,268
fyWOxU3YUq8.mp4,9
6ro7A-XZ2s4.mp4,256
DrO77wFa0h8.mp4,46
4CZCJPhojUc.mp4,290
1k2s89desLs.mp4,51
2P0cJuo415A.mp4,47
0ulVg4h6W9E.mp4,255
8qXUaQ1ClaI.mp4,86
cGWgGJPb9S0.mp4,19
dAzt--IDaFY.mp4,238
j8ndf-DFeGs.mp4,3
Fcqg1dByeQY.mp4,265
yLfw4Ickjcg.mp4,145
BfUPRI3h4vo.mp4,322
frHPSdr6rIM.mp4,326
zmzA8DqVbCU.mp4,59
1c1aGRdDYB8.mp4,126
eqKAO5cMjqg.mp4,180
gbCXd7vaJGQ.mp4,155
y0URUVcvrTg.mp4,100
BYvuOPyol7M.mp4,52
ATIQfcSoD1k.mp4,62
4ThRECG4eCc.mp4,148
1-bCws7TnBs.mp4,141
e1BScFHBdZM.mp4,56
8lvz5LG50wc.mp4,266
6czb8zhu-1g.mp4,146
9bDENh85jEw.mp4,123
7zmelCE78Cg.mp4,111
dhXMJmVhV5g.mp4,68
5oBpHPqwbSE.mp4,157
0QgDWB3M47g.mp4,332
8Pgz-GaUC6M.mp4,165
2O6QUmPT0gM.mp4,17
6rf3bfocwRE.mp4,28
4wy0XftG3nQ.mp4,260
4JYInRUHjlY.mp4,119
DGinIoH2fiE.mp4,182
dIrGN8SfUmc.mp4,61
4kxlmzvxEgA.mp4,90
5at8X56tN58.mp4,43
0k2iDuG8DnY.mp4,42
cbBTWL0UsZA.mp4,132
hgi6y5hyASs.mp4,121
iKMj6Yy-_xM.mp4,167
4SLHWjGmHR4.mp4,162
DaMD9zsZfQc.mp4,151
CnBZlJ39ESQ.mp4,4
1aIPXe8ETE0.mp4,65
hcfvUwu-Rtg.mp4,133
G34h0hn3T5k.mp4,53
ifXiQ2Gn-SE.mp4,168
h0huilc1RVI.mp4,156
HPEGnbgZF0g.mp4,160
fwMOnKD1uTw.mp4,19
4Y1TNFRw3Nc.mp4,83
h9Pdy9Mf6so.mp4,189
hZEsAz3oVOA.mp4,89
eLmY7Wgy92A.mp4,76
ypsSYB5vDxY.mp4,49
FGV6O7O3DVk.mp4,54
CkufhP_fqpQ.mp4,118
E79-7SQG0lQ.mp4,4
EmXFzQo4BFw.mp4,144
CxwIFtawYDc.mp4,80
2K6sNH3QdM4.mp4,15
ifmrY0Wrv1k.mp4,33
greJ-l3-t4k.mp4,149
7Ed0xWifFhk.mp4,92
ckPhqJRl3FM.mp4,69
y7IDHwY2MX8.mp4,70
7ZD77TloaUw.mp4,66
FoWGLvCfKN8.mp4,19
54zTmk-QfFU.mp4,127
G3zfes_ZL5U.mp4,44
QM1Q1bVJDBY.mp4,233
9XgfeuesCu8.mp4,55
dSkoNrtNxwo.mp4,128
DsgMcPXnruc.mp4,63
AaOBr9lUqJw.mp4,13
zpIEtCRmfvQ.mp4,45
cQ8Dl52X1u0.mp4,129
BLVDbsj7Xo4.mp4,72
8EIalfK2d_U.mp4,306
6vmtT8VJus8.mp4,296
8bGKwN2uYLM.mp4,120
idC7wV2Krso.mp4,94
yFwKYyjhzz0.mp4,152
B7ovyGxt_xk.mp4,81
EuRVf4jMX6w.mp4,10
etphd0LQGa8.mp4,59
gF4Zj4htxus.mp4,79
6q74MasV6o4.mp4,23
5uyaCVlSQIY.mp4,30
FZ0u_44WQck.mp4,21
4vfuSkczIcI.mp4,64
hjzOb4_gGLc.mp4,147
045-gE1O_hQ.mp4,32
8j5uolV235U.mp4,77
ALW91e6WPTU.mp4,41
4cHEmCgi4gI.mp4,58
1Htwr-zvUoI.mp4,116
fZ3tPElWpmQ.mp4,131
dLzmPt2segw.mp4,150
1t3Hbvflc40.mp4,20
feu2X-H-JJM.mp4,57
EwTCXTgehpU.mp4,34
zPiE-DdEphM.mp4,2
